[{"pk": 1, "model": "lottery.lotterycountrydivision", "fields": {"remote_id": "TX", "name": "Texas", "remote_country": "U.S.A."}}, {"pk": 2, "model": "lottery.lotterycountrydivision", "fields": {"remote_id": "CA", "name": "California", "remote_country": "U.S.A."}}, {"pk": 3, "model": "lottery.lotterycountrydivision", "fields": {"remote_id": "NY", "name": "New York", "remote_country": "U.S.A."}}, {"pk": 4, "model": "lottery.lotterycountrydivision", "fields": {"remote_id": "AR", "name": "Arkansas", "remote_country": "U.S.A."}}, {"pk": 5, "model": "lottery.lotterycountrydivision", "fields": {"remote_id": "AZ", "name": "Arizona", "remote_country": "U.S.A."}}, {"pk": 6, "model": "lottery.lotterycountrydivision", "fields": {"remote_id": "CT", "name": "Connecticut", "remote_country": "U.S.A."}}, {"pk": 7, "model": "lottery.lotterycountrydivision", "fields": {"remote_id": "DC", "name": "Dist. of Columbia", "remote_country": "U.S.A."}}, {"pk": 8, "model": "lottery.lotterycountrydivision", "fields": {"remote_id": "DE", "name": "Delaware", "remote_country": "U.S.A."}}, {"pk": 9, "model": "lottery.lotterycountrydivision", "fields": {"remote_id": "FL", "name": "Florida", "remote_country": "U.S.A."}}, {"pk": 10, "model": "lottery.lotterycountrydivision", "fields": {"remote_id": "GA", "name": "Georgia", "remote_country": "U.S.A."}}, {"pk": 11, "model": "lottery.lotterycountrydivision", "fields": {"remote_id": "IA", "name": "Iowa", "remote_country": "U.S.A."}}, {"pk": 12, "model": "lottery.lotterycountrydivision", "fields": {"remote_id": "ID", "name": "Idaho", "remote_country": "U.S.A."}}, {"pk": 13, "model": "lottery.lotterycountrydivision", "fields": {"remote_id": "IL", "name": "Illinois", "remote_country": "U.S.A."}}, {"pk": 14, "model": "lottery.lotterycountrydivision", "fields": {"remote_id": "IN", "name": "Indiana", "remote_country": "U.S.A."}}, {"pk": 15, "model": "lottery.lotterycountrydivision", "fields": {"remote_id": "KS", "name": "Kansas", "remote_country": "U.S.A."}}, {"pk": 16, "model": "lottery.lotterycountrydivision", "fields": {"remote_id": "KY", "name": "Kentucky", "remote_country": "U.S.A."}}, {"pk": 17, "model": "lottery.lotterycountrydivision", "fields": {"remote_id": "LA", "name": "Louisiana", "remote_country": "U.S.A."}}, {"pk": 18, "model": "lottery.lotterycountrydivision", "fields": {"remote_id": "MA", "name": "Massachusetts", "remote_country": "U.S.A."}}, {"pk": 19, "model": "lottery.lotterycountrydivision", "fields": {"remote_id": "MD", "name": "Maryland", "remote_country": "U.S.A."}}, {"pk": 20, "model": "lottery.lotterycountrydivision", "fields": {"remote_id": "ME", "name": "Maine", "remote_country": "U.S.A."}}, {"pk": 21, "model": "lottery.lotterycountrydivision", "fields": {"remote_id": "MI", "name": "Michigan", "remote_country": "U.S.A."}}, {"pk": 22, "model": "lottery.lotterycountrydivision", "fields": {"remote_id": "MO", "name": "Missouri", "remote_country": "U.S.A."}}, {"pk": 23, "model": "lottery.lotterycountrydivision", "fields": {"remote_id": "NC", "name": "North Carolina", "remote_country": "U.S.A."}}, {"pk": 24, "model": "lottery.lotterycountrydivision", "fields": {"remote_id": "ND", "name": "North Dakota", "remote_country": "U.S.A."}}, {"pk": 25, "model": "lottery.lotterycountrydivision", "fields": {"remote_id": "NE", "name": "Nebraska", "remote_country": "U.S.A."}}, {"pk": 26, "model": "lottery.lotterycountrydivision", "fields": {"remote_id": "NH", "name": "New Hampshire", "remote_country": "U.S.A."}}, {"pk": 27, "model": "lottery.lotterycountrydivision", "fields": {"remote_id": "NJ", "name": "New Jersey", "remote_country": "U.S.A."}}, {"pk": 28, "model": "lottery.lotterycountrydivision", "fields": {"remote_id": "NM", "name": "New Mexico", "remote_country": "U.S.A."}}, {"pk": 29, "model": "lottery.lotterycountrydivision", "fields": {"remote_id": "OH", "name": "Ohio", "remote_country": "U.S.A."}}, {"pk": 30, "model": "lottery.lotterycountrydivision", "fields": {"remote_id": "OK", "name": "Oklahoma", "remote_country": "U.S.A."}}, {"pk": 31, "model": "lottery.lotterycountrydivision", "fields": {"remote_id": "OR", "name": "Oregon", "remote_country": "U.S.A."}}, {"pk": 32, "model": "lottery.lotterycountrydivision", "fields": {"remote_id": "PA", "name": "Pennsylvania", "remote_country": "U.S.A."}}, {"pk": 33, "model": "lottery.lotterycountrydivision", "fields": {"remote_id": "SC", "name": "South Carolina", "remote_country": "U.S.A."}}, {"pk": 34, "model": "lottery.lotterycountrydivision", "fields": {"remote_id": "SD", "name": "South Dakota", "remote_country": "U.S.A."}}, {"pk": 35, "model": "lottery.lotterycountrydivision", "fields": {"remote_id": "TN", "name": "Tennessee", "remote_country": "U.S.A."}}, {"pk": 36, "model": "lottery.lotterycountrydivision", "fields": {"remote_id": "VA", "name": "Virginia", "remote_country": "U.S.A."}}, {"pk": 37, "model": "lottery.lotterycountrydivision", "fields": {"remote_id": "VT", "name": "Vermont", "remote_country": "U.S.A."}}, {"pk": 38, "model": "lottery.lotterycountrydivision", "fields": {"remote_id": "WA", "name": "Washington", "remote_country": "U.S.A."}}, {"pk": 39, "model": "lottery.lotterycountrydivision", "fields": {"remote_id": "WI", "name": "Wisconsin", "remote_country": "U.S.A."}}, {"pk": 40, "model": "lottery.lotterycountrydivision", "fields": {"remote_id": "WV", "name": "West Virginia", "remote_country": "U.S.A."}}, {"pk": 41, "model": "lottery.lotterycountrydivision", "fields": {"remote_id": "RI", "name": "Rhode Island", "remote_country": "U.S.A."}}, {"pk": 42, "model": "lottery.lotterycountrydivision", "fields": {"remote_id": "MN", "name": "Minnesota", "remote_country": "U.S.A."}}, {"pk": 43, "model": "lottery.lotterycountrydivision", "fields": {"remote_id": "MT", "name": "Montana", "remote_country": "U.S.A."}}, {"pk": 44, "model": "lottery.lotterycountrydivision", "fields": {"remote_id": "CO", "name": "Colorado", "remote_country": "U.S.A."}}]