[{"pk": 1, "model": "coupon.couponvendor", "fields": {"coupon_url": "https://workflow.kouponmedia.com/7eleven/yoolotto/redirect/default.aspx?identity=%s&promoid=%s", "name": "7-Eleven", "image": "/static/coupon/vendor/7-Eleven.png", "coupon_mini_url": "https://workflow.kouponmedia.com/7eleven/yoolotto/redirect/default.aspx?identity=%s&promoid=%s", "wallet_url": "https://workflow.kouponmedia.com/7eleven/yoolotto/redirect/default.aspx?identity=%s", "referral": null}}, {"pk": 2, "model": "coupon.couponvendor", "fields": {"coupon_url": "", "name": "Dickey's", "image": "/static/coupon/vendor/dickeys/background.jpg", "coupon_mini_url": null, "wallet_url": "localhost:8000/static/coupon/vendor/dickeys/background.jpg", "referral": ""}}, {"pk": 1, "model": "coupon.coupon", "fields": {"valid_from": "2013-08-01T00:00:00", "vendor": 2, "description": "Dickey's Example", "title": "Free BBQ Sandwich", "redeemable": false, "image": "/static/coupon/vendor/dickeys/background.jpg", "valid_to": "2014-08-01T00:00:00", "allocate_tickets": true, "allocate_wallet": true, "issued_total": 18, "added_at": "2013-08-19T22:42:45", "redeem_strict": false, "vote_disliked": 0, "redeem_limit": 10000, "issued_redeemed": 4, "vote_liked": 2, "geography": 2}}, {"pk": 1, "model": "coupon.coupongeography", "fields": {"active": true, "name": "Seven Eleven", "format": "7Eleven"}}, {"pk": 2, "model": "coupon.coupongeography", "fields": {"active": false, "name": "Dickeys", "format": "Dickeys"}}, {"pk": 1, "model": "coupon.couponvote", "fields": {"coupon": 1, "liked": true, "user": 25, "added_at": "2013-08-20T06:07:55", "updated_at": "2013-08-20T06:07:55"}}, {"pk": 2, "model": "coupon.couponvote", "fields": {"coupon": 1, "liked": true, "user": 11, "added_at": "2013-08-20T17:21:23", "updated_at": "2013-08-20T17:21:23"}}, {"pk": 1, "model": "coupon.couponissue", "fields": {"redeemed": "2013-08-20T06:01:21", "coupon": 1, "added_at": "2013-08-20T05:59:00", "promo": null, "user": 25, "ticket": null}}, {"pk": 2, "model": "coupon.couponissue", "fields": {"redeemed": "2013-08-20T06:00:04", "coupon": 1, "added_at": "2013-08-20T05:59:28", "promo": null, "user": 14, "ticket": null}}, {"pk": 3, "model": "coupon.couponissue", "fields": {"redeemed": null, "coupon": 1, "added_at": "2013-08-20T06:29:41", "promo": null, "user": 851, "ticket": null}}, {"pk": 4, "model": "coupon.couponissue", "fields": {"redeemed": null, "coupon": 1, "added_at": "2013-08-20T07:37:30", "promo": null, "user": 918, "ticket": null}}, {"pk": 5, "model": "coupon.couponissue", "fields": {"redeemed": null, "coupon": 1, "added_at": "2013-08-20T10:47:01", "promo": null, "user": 922, "ticket": null}}, {"pk": 6, "model": "coupon.couponissue", "fields": {"redeemed": null, "coupon": 1, "added_at": "2013-08-20T14:48:25", "promo": null, "user": 516, "ticket": null}}, {"pk": 7, "model": "coupon.couponissue", "fields": {"redeemed": null, "coupon": 1, "added_at": "2013-08-20T15:32:52", "promo": null, "user": 256, "ticket": null}}, {"pk": 8, "model": "coupon.couponissue", "fields": {"redeemed": "2013-08-20T17:20:29", "coupon": 1, "added_at": "2013-08-20T15:38:46", "promo": null, "user": 11, "ticket": null}}, {"pk": 9, "model": "coupon.couponissue", "fields": {"redeemed": null, "coupon": 1, "added_at": "2013-08-20T15:49:43", "promo": null, "user": 162, "ticket": null}}, {"pk": 10, "model": "coupon.couponissue", "fields": {"redeemed": null, "coupon": 1, "added_at": "2013-08-20T15:56:25", "promo": null, "user": 933, "ticket": null}}, {"pk": 11, "model": "coupon.couponissue", "fields": {"redeemed": null, "coupon": 1, "added_at": "2013-08-20T16:37:02", "promo": null, "user": 46, "ticket": null}}, {"pk": 12, "model": "coupon.couponissue", "fields": {"redeemed": null, "coupon": 1, "added_at": "2013-08-20T17:00:24", "promo": null, "user": 307, "ticket": null}}, {"pk": 13, "model": "coupon.couponissue", "fields": {"redeemed": null, "coupon": 1, "added_at": "2013-08-20T17:21:53", "promo": null, "user": 40, "ticket": null}}, {"pk": 14, "model": "coupon.couponissue", "fields": {"redeemed": null, "coupon": 1, "added_at": "2013-08-20T17:45:32", "promo": null, "user": 16, "ticket": null}}, {"pk": 15, "model": "coupon.couponissue", "fields": {"redeemed": null, "coupon": 1, "added_at": "2013-08-20T18:49:33", "promo": null, "user": 705, "ticket": null}}, {"pk": 16, "model": "coupon.couponissue", "fields": {"redeemed": null, "coupon": 1, "added_at": "2013-08-20T20:18:43", "promo": null, "user": 691, "ticket": null}}, {"pk": 17, "model": "coupon.couponissue", "fields": {"redeemed": "2013-08-20T21:53:15", "coupon": 1, "added_at": "2013-08-20T21:52:38", "promo": null, "user": 862, "ticket": null}}, {"pk": 18, "model": "coupon.couponissue", "fields": {"redeemed": null, "coupon": 1, "added_at": "2013-08-20T21:55:55", "promo": null, "user": 963, "ticket": null}}]